{"br10lr0.01filters64": [0.14503759688004514, 0.05338345953732505, 0.06654135455986611, 0.0698496253810879, 0.1854887256776928, 0.17766917687945796, 0.05330827156627985, 0.05165413622009127, 0.05172932419113647, 0.05067669255168814, 0.05203007603050175, 0.05233082794829419, 0.05759398591585625, 0.10030075384485991, 0.14571428875950046, 0.20781955334140842, 0.07827067812134449, 0.05300751968770099, 0.052105264007148884, 0.05278195577456539], "br10lr0.01filters128": [0.13421052908874992, 0.20789474136847302, 0.20796992950757642, 0.14210526610451532, 0.05285714372880477, 0.051578948209832484, 0.05233082794829419, 0.05233082794269225, 0.05233082795949807, 0.05233082794829419, 0.051729324168728705, 0.052706767764306606, 0.05541353478355515, 0.05300751970450681, 0.05390977535704921, 0.07714285859488007, 0.05428571518426551, 0.05406015129353767, 0.05451127910860499, 0.052330827909080606], "br10lr0.001filters64": [0.28315790038471833, 0.3053383522015765, 0.3254887282400203, 0.33744361552977026, 0.33714286350554096, 0.3405263221913711, 0.34556391636343825, 0.35676692407158084, 0.35759399142256354, 0.37030075799701806, 0.3781954954385309, 0.3829323374295145, 0.39473684878837795, 0.4055639162323529, 0.4072932395888002, 0.4138345930249171, 0.42045113466175876, 0.4331579012754268, 0.44398496963251805, 0.45233083351662284], "br10lr0.001filters128": [0.2860150433796689, 0.32293233687156125, 0.33255639780956997, 0.34187970565337883, 0.34819549519316595, 0.3528571494595897, 0.36330827722199877, 0.3720300817063877, 0.3838345931772899, 0.398796999107178, 0.4161654204578328, 0.42819549581946287, 0.4442857209116893, 0.46255639803812915, 0.48631579588006313, 0.5191729391315826, 0.5474436151409956, 0.5868421104897682, 0.6118045157339788, 0.6507518836654218], "br10lr0.0001filters64": [0.2908270734537365, 0.38398496925382686, 0.3976691795078883, 0.3975939911951248, 0.38676692420490705, 0.3823308335323083, 0.3718797059883749, 0.37413534486204164, 0.3734586534419454, 0.37684211179726107, 0.37533835227552215, 0.3787969990500382, 0.38481203660480956, 0.3821804580215673, 0.38443609690643793, 0.38375940488133214, 0.386390983974351, 0.3866917361442308, 0.39097745039297227, 0.3935338412908683], "br10lr0.0001filters128": [0.3018045172039279, 0.38766917951012914, 0.3942857212534076, 0.39240602150671466, 0.3836842170671413, 0.3872180518183045, 0.38827068343534504, 0.3896240672502751, 0.39045113460685976, 0.39120301427809817, 0.3982706831866189, 0.39857143504839193, 0.40541354043591293, 0.40593985643489916, 0.4076691798361621, 0.4072180524076286, 0.41308271373461064, 0.4140601570332857, 0.4187969991979294, 0.41691730010666345], "br10lr1e-05filters64": [0.16375940180474655, 0.2622556446358225, 0.3060150439633911, 0.3348120364983727, 0.35263158532797845, 0.3700751944928241, 0.3795488787324805, 0.39233083377095096, 0.4003759464823214, 0.4115037662026129, 0.415263164564407, 0.4200000063145071, 0.4250376008226907, 0.43000000721978066, 0.43323308988509324, 0.43503760060757624, 0.4394736912409614, 0.44270677356455557, 0.4470676759131869, 0.4481954953444183], "br10lr1e-05filters128": [0.1877443647810391, 0.29451128405735905, 0.3419548935908124, 0.36443609674846317, 0.38105263821500585, 0.39488722488172073, 0.4063909841659374, 0.4142857212265183, 0.41969925465440394, 0.4238345934652296, 0.43368421725760725, 0.43654136066149946, 0.44135338963198484, 0.4449624130824455, 0.4472180520401413, 0.45052632246362534, 0.4490225632892067, 0.45225564561840287, 0.4530827133279098, 0.456240608408711], "br50lr0.01filters64": [0.0727819544508269, 0.13413533800862787, 0.06954887145219889, 0.11646616474298158, 0.20796992439300493, 0.1754887211731726, 0.19127819528873252, 0.1773684209954918, 0.20796992470111167, 0.20796992422494673, 0.20796992475713105, 0.20796992447703405, 0.2079699244630292, 0.1869172927664411, 0.19496240549461735, 0.05751879621101053, 0.0675939841378004, 0.0775939839422927, 0.0659398488784419, 0.08233082651587806], "br50lr0.01filters128": [0.09609022487263034, 0.05218045025559744, 0.05338345777551483, 0.053458645785773605, 0.053533833669988734, 0.17300751857123428, 0.20796992450504376, 0.20796992488317473, 0.2079699244910389, 0.2079699246590971, 0.20067669221557172, 0.10706766858640918, 0.05428571349247954, 0.05428571346446984, 0.05428571343646014, 0.05428571340845043, 0.08097744272335579, 0.2079699244630292, 0.19112781987042354, 0.2077443605582965], "br50lr0.001filters64": [0.3103007529267019, 0.3573684219018857, 0.3469924823682111, 0.34458646716031816, 0.34864661825778787, 0.35285714453548417, 0.3544360908462589, 0.36195488811883714, 0.36909774522808264, 0.37030075215979624, 0.37556390974082443, 0.37541353304807407, 0.3812030082134376, 0.38849624039087083, 0.3884210540611941, 0.39526315758887093, 0.39819548872852684, 0.40075187956480157, 0.4076691725872513, 0.4108270678977321], "br50lr0.001filters128": [0.2443609021436003, 0.32421052629562247, 0.3300751892471672, 0.3427067677441396, 0.34398496291018965, 0.3500751888281421, 0.354285715329916, 0.358120302620687, 0.36225564010385286, 0.37097744436416413, 0.3735338346402448, 0.37661654345299067, 0.37969924957680523, 0.38330827149233426, 0.3930075189336798, 0.3941353392556198, 0.40375939795845434, 0.40774436149382054, 0.4090225560996765, 0.41571428576358277], "br50lr0.0001filters64": [0.24090225581443847, 0.34503759466167677, 0.3746616545700489, 0.3954887213675599, 0.41097744358213323, 0.42233082551257056, 0.42684210601605865, 0.431954886288123, 0.4324060151339474, 0.4256390970676465, 0.42661654080887484, 0.4229323297066796, 0.418796992391572, 0.41774436080814303, 0.4133082705556898, 0.4115789475521647, 0.4082706766133022, 0.40278195584178866, 0.39624060130208955, 0.3949624055198261], "br50lr0.0001filters128": [0.24368421058345557, 0.3504511276750188, 0.3902255635064347, 0.41172932346064345, 0.42353383401282746, 0.41947368313943534, 0.4229323303789124, 0.4184962414709249, 0.41819548752523006, 0.4139849624239412, 0.40969924779986977, 0.4093984963190287, 0.40706767063391835, 0.4048872178322391, 0.40691729315689634, 0.4015037597794282, 0.4009774419710152, 0.40203007540308444, 0.3999248121241878, 0.40293233186230626], "br50lr1e-05filters64": [0.09796992437283795, 0.16518796964975677, 0.21165413515908377, 0.24721804510493925, 0.27233082774494377, 0.28984962456992697, 0.3036842118472533, 0.3160902265095173, 0.3275939851607147, 0.33909774521239716, 0.34466165567475154, 0.35458646703483465, 0.35962406164945515, 0.3652631586655638, 0.36969924880597826, 0.37375939861500174, 0.3796240603341196, 0.38541353449113386, 0.386390978344401, 0.3918045100973065], "br100lr0.01filters64": [0.20563909767153568, 0.11278195519532476, 0.1726315788840665, 0.20789473621468796, 0.20789473699895958, 0.18097744289701595, 0.20789473683090137, 0.20796992467310196, 0.1411278195175013, 0.05609022550060785, 0.0560902255146127, 0.05609022529053509, 0.05609022516449143, 0.05609022552861755, 0.056015037462339365, 0.056090225346554494, 0.056090225388569045, 0.056090225206505986, 0.06466165379642096, 0.056090225416578744], "br100lr0.01filters128": [0.17172932329314544, 0.19593984955795726, 0.09203007475550014, 0.052932330470224075, 0.05293233055425318, 0.13187969915736886, 0.20789473655080437, 0.20789473604662975, 0.207894736774882, 0.20789473666284317, 0.1675187968333861, 0.0464661651452009, 0.17203007505408355, 0.20789473632672675, 0.20789473733507602, 0.207894736774882, 0.207894737054979, 0.20789473615866855, 0.20789473671886258, 0.20789473683090137], "br100lr0.001filters64": [0.28924812001169176, 0.3623308277219758, 0.3557894743026647, 0.355714286292406, 0.35601503833344106, 0.356842105662016, 0.3614285709266376, 0.368721803552226, 0.3668421056485714, 0.3687218057930021, 0.3719548870970432, 0.37556390946072743, 0.3788721794472601, 0.37992481315942633, 0.3829323304326911, 0.3846616534362162, 0.38819548778964164, 0.39120300730368246, 0.39398496222675294, 0.4019548863844764],