{"br10lr0.01filters64": [0.0512280710041523, 0.04982456226359334, 0.04982456226359334, 0.2164912328777606, 0.09771930008080967, 0.05070175518069351, 0.05070175518069351, 0.05333333428491626, 0.04947368509152479, 0.05228070265106988, 0.05333333428491626, 0.05333333428491626, 0.2164912328777606, 0.04982456226359334, 0.2157894783898404, 0.2164912328777606, 0.0512280710041523, 0.050175439422590694, 0.05228070265106988, 0.05228070265106988], "br10lr0.01filters128": [0.2164912328777606, 0.2164912328777606, 0.2164912328777606, 0.0512280710041523, 0.05333333428491626, 0.05333333428491626, 0.05333333428491626, 0.05333333428491626, 0.05333333428491626, 0.05333333428491626, 0.05245614127631773, 0.05245614127631773, 0.05333333428491626, 0.04877193064281815, 0.04877193064281815, 0.04877193064281815, 0.04877193064281815, 0.04877193064281815, 0.05333333428491626, 0.05333333428491626], "br10lr0.001filters64": [0.32421053251937815, 0.33947369043241465, 0.334561409683604, 0.3440350939960856, 0.3398245681404022, 0.34491228696547055, 0.35614035712522374, 0.3696491294001278, 0.3601754452706429, 0.3931579016018332, 0.3768421124078726, 0.38754386682259406, 0.413684217305037, 0.40649123449336017, 0.39701754997173944, 0.4198245681560876, 0.4157894809387232, 0.41578948032437707, 0.43000000585850917, 0.4566666728310418], "br10lr0.001filters128": [0.3114035152683133, 0.3322807081827992, 0.3500000064048851, 0.37245614688124573, 0.35947369131864165, 0.350701760735951, 0.35228070816711377, 0.3638596559172137, 0.3736842167482041, 0.38368421726320917, 0.41315790124629675, 0.41543860319152215, 0.41859649809306126, 0.45228070909516854, 0.46701755037433224, 0.49877193716534396, 0.510000006841463, 0.525438603288249, 0.5533333397356042, 0.5536842164109673], "br10lr0.0001filters64": [0.34912281320021865, 0.4054386033170056, 0.42263158531042566, 0.39000000649115496, 0.3989473749409642, 0.3794736908977492, 0.3877193051602757, 0.3766666736780551, 0.3833333395552217, 0.3863157964850727, 0.37877193622683225, 0.38035088384099175, 0.3912280767110356, 0.38859649788130796, 0.38245614684726065, 0.3863157962236488, 0.3926315857653032, 0.39368421754293276, 0.39859649779503803, 0.39754386677553777], "br10lr0.0001filters128": [0.3850877262913344, 0.41649123474694133, 0.4003508838383775, 0.39929825194310725, 0.39649123464498603, 0.4017543929449299, 0.38122807691494626, 0.3928070241291272, 0.3921052695889222, 0.39649123505019307, 0.3985964982133163, 0.39649123464498603, 0.3987719370084896, 0.39894737534617125, 0.4022807087291751, 0.4114035149546046, 0.40649123540834375, 0.41456141028749316, 0.4164912354527858, 0.42315790138223713], "br10lr1e-05filters64": [0.24649123335093784, 0.2973684270915232, 0.31824562024129066, 0.35000000662709535, 0.36421053264486164, 0.3722807088311304, 0.39157895403995846, 0.40333334012773997, 0.410526322547281, 0.4124561469413732, 0.41649123465544297, 0.42403509495289704, 0.4214035160447422, 0.42877193703724625, 0.43368421645279515, 0.430000007061059, 0.4324561467165487, 0.4375438656854002, 0.43719298867018597, 0.43421053251153546], "br10lr1e-05filters128": [0.2785964973532317, 0.3335087783765375, 0.3687719362477461, 0.3794736900481216, 0.3987719362111468, 0.40789474363912614, 0.42210526963075, 0.4207017611124014, 0.43052632237474125, 0.42473684813369783, 0.4349122871432388, 0.4394736905369842, 0.4431579007391344, 0.4461403568062866, 0.44157895393538893, 0.4489473747841099, 0.446491234370491, 0.44543860318106515, 0.44298246293737176, 0.4456140411919669], "br50lr0.01filters64": [0.21649122793684927, 0.049824560649300874, 0.05508771829568503, 0.21649122793684927, 0.21649122793684927, 0.1866666663176658, 0.15087719297592053, 0.21649122793684927, 0.21649122793684927, 0.21649122793684927, 0.21649122793684927, 0.21649122793684927, 0.21649122793684927, 0.21649122793684927, 0.05999999924709922, 0.049824560649300874, 0.07771929735807996, 0.07052631503003731, 0.07736842049972008, 0.049824560649300874], "br50lr0.01filters128": [0.051228069520571774, 0.050701753644828214, 0.050701753644828214, 0.050701753644828214, 0.05105263082996795, 0.21649122793684927, 0.21649122793684927, 0.21649122793684927, 0.21649122793684927, 0.21649122793684927, 0.21649122793684927, 0.04877192906120367, 0.04877192906120367, 0.04877192906120367, 0.04877192906120367, 0.04877192906120367, 0.21649122793684927, 0.21508771952307015, 0.20526315794702163, 0.21649122793684927], "br50lr0.001filters64": [0.3694736851673377, 0.36210526277621585, 0.3657894748867604, 0.3592982463407935, 0.3552631584175846, 0.3756140356785373, 0.36666666781693175, 0.3656140359347327, 0.37754386022948383, 0.3749122811775458, 0.38701754533930827, 0.3726315800296633, 0.39210526370688487, 0.3836842108713953, 0.38824561447427985, 0.4092982447983926, 0.3973684205036414, 0.395964912808778, 0.3880701766986596, 0.41596491203496333], "br50lr0.001filters128": [0.3315789477344145, 0.330350878468731, 0.3505263173005037, 0.3596491251598325, 0.34894737078432453, 0.3519298249953671, 0.3666666674247959, 0.3701754382304978, 0.37017543927619334, 0.36385964902869444, 0.3882456136900082, 0.37192982513653605, 0.3871929835070643, 0.3880701751301163, 0.4040350868252286, 0.39771929736200134, 0.4061403501974909, 0.40649122914724184, 0.4121052626716463, 0.40631579019521413], "br50lr0.0001filters64": [0.33526315840712767, 0.3768421062513402, 0.3857894745050815, 0.3889473681909996, 0.415438595701728, 0.43052631668877184, 0.42754385803352324, 0.42631578824499194, 0.4329824553508508, 0.4303508753839292, 0.43754385960729497, 0.4322807005884355, 0.4256140345282722, 0.42543859492268477, 0.4114035081706549, 0.40666666522360684, 0.41245613939929426, 0.40807017697054043, 0.404210526430816, 0.39280701807716434], "br50lr0.0001filters128": [0.3136842109655079, 0.39175438606425333, 0.3991228081939513, 0.409122807676332, 0.42526315727777647, 0.43192982373007555, 0.4089473666329133, 0.422280700583207, 0.42192982477054264, 0.42877193030558136, 0.3964912279656059, 0.4110526318351428, 0.4156140334773482, 0.4035087721912484, 0.40087719340073436, 0.3964912283577417, 0.4010526320913382, 0.39561403608113005, 0.40105263130706653, 0.3971929840351406], "br50lr1e-05filters64": [0.13350877165794373, 0.18877193060491168, 0.22771929838416868, 0.24999999973857612, 0.26999999974903305, 0.2943859648024827, 0.3171929841240247, 0.3250877191884476, 0.3345614045596959, 0.34210526407287833, 0.35350877216510607, 0.35736842126699914, 0.3635087730853181, 0.3715789471017687, 0.3701754401911769, 0.37631578965668094, 0.3821052635709445, 0.38175438762756814, 0.3836842121785147, 0.38754386036542426], "br100lr0.01filters64": [0.21666666603924936, 0.15877193042583632, 0.21666666603924936, 0.21666666603924936, 0.21666666603924936, 0.21666666603924936, 0.21666666603924936, 0.21666666603924936, 0.044561402839526795, 0.044561402839526795, 0.044561402839526795, 0.044561402839526795, 0.044561402839526795, 0.044561402839526795, 0.044561402839526795, 0.044561402839526795, 0.044561402839526795, 0.044561402839526795, 0.044561402839526795, 0.044561402839526795], "br100lr0.01filters128": [0.05192982418495312, 0.21666666603924936, 0.05192982418495312, 0.05192982418495312, 0.05192982418495312, 0.21666666603924936, 0.21666666603924936, 0.21666666603924936, 0.21666666603924936, 0.21666666603924936, 0.052982455838406294, 0.04631578912468333, 0.21666666603924936, 0.21666666603924936, 0.21666666603924936, 0.21666666603924936, 0.21666666603924936, 0.21666666603924936, 0.21666666603924936, 0.21666666603924936], "br100lr0.001filters64": [0.33947368410595674, 0.36877193158132987, 0.36403508981068927, 0.3626315802858587, 0.34578947539915117, 0.36000000227961626, 0.36789473786688687, 0.3663157888671808, 0.3684210505401879, 0.35912280856517326, 0.36245614185667874, 0.3643859635319626, 0.38017543679789495, 0.3863157896619094, 0.3885964902869442, 0.3768421050749327, 0.3871929823306569, 0.3838596485163036, 0.3922807009596574, 0.3875438607575601],